{"_default": {"1": {"items": [{"index": 0, "name": "1dk_.gcode", "path": "1dk_.gcode", "sd": "false", "state": "Await", "timeLeft": 60.515274061985856}, {"index": 1, "name": "2dk_.gcode", "path": "2dk_.gcode", "sd": "false", "state": "Await", "timeLeft": 31.39699596306056}, {"index": 2, "name": "3dk_.gcode", "path": "3dk_.gcode", "sd": "false", "state": "Await", "timeLeft": 201.67166492333982}], "id": "04d94e67-dc13-4d9a-b089-400017daf269", "updateTime": "2022-10-06 17:08:50.362600", "createTime": "2022-10-06 12:53:17.763286", "name": "son", "last": "none"}, "2": {"items": [{"index": 0, "name": "1dk_.gcode", "path": "1dk_.gcode", "sd": "false", "state": "Await", "timeLeft": 60.515274061985856}, {"index": 1, "name": "2dk_.gcode", "path": "2dk_.gcode", "sd": "false", "state": "Await", "timeLeft": 31.39699596306056}, {"index": 2, "name": "3dk_.gcode", "path": "3dk_.gcode", "sd": "false", "state": "Await", "timeLeft": 201.67166492333982}], "id": null, "updateTime": "2022-10-06 17:01:38.619933", "createTime": "2022-10-06 12:53:36.280184", "name": null, "last": "none"}, "3": {"items": [], "id": "86b4772c-d3fd-4f6e-8334-11357d29318e", "updateTime": "2022-10-06 17:12:43.236509", "createTime": "2022-10-06 17:11:21.286567", "name": "asddasdasd", "last": "last_queue"}}}